--
-- PostgreSQL database dump
--

-- Dumped from database version 15.2
-- Dumped by pg_dump version 15.2

-- Started on 2023-04-27 14:03:05

SET statement_timeout = 0;
SET lock_timeout = 0;
SET idle_in_transaction_session_timeout = 0;
SET client_encoding = 'UTF8';
SET standard_conforming_strings = on;
SELECT pg_catalog.set_config('search_path', '', false);
SET check_function_bodies = false;
SET xmloption = content;
SET client_min_messages = warning;
SET row_security = off;

SET default_tablespace = '';

SET default_table_access_method = heap;

--
-- TOC entry 221 (class 1259 OID 16437)
-- Name: auth_group; Type: TABLE; Schema: public; Owner: postgres
--

CREATE TABLE public.auth_group (
    id integer NOT NULL,
    name character varying(150) NOT NULL
);


ALTER TABLE public.auth_group OWNER TO postgres;

--
-- TOC entry 220 (class 1259 OID 16436)
-- Name: auth_group_id_seq; Type: SEQUENCE; Schema: public; Owner: postgres
--

ALTER TABLE public.auth_group ALTER COLUMN id ADD GENERATED BY DEFAULT AS IDENTITY (
    SEQUENCE NAME public.auth_group_id_seq
    START WITH 1
    INCREMENT BY 1
    NO MINVALUE
    NO MAXVALUE
    CACHE 1
);


--
-- TOC entry 223 (class 1259 OID 16445)
-- Name: auth_group_permissions; Type: TABLE; Schema: public; Owner: postgres
--

CREATE TABLE public.auth_group_permissions (
    id bigint NOT NULL,
    group_id integer NOT NULL,
    permission_id integer NOT NULL
);


ALTER TABLE public.auth_group_permissions OWNER TO postgres;

--
-- TOC entry 222 (class 1259 OID 16444)
-- Name: auth_group_permissions_id_seq; Type: SEQUENCE; Schema: public; Owner: postgres
--

ALTER TABLE public.auth_group_permissions ALTER COLUMN id ADD GENERATED BY DEFAULT AS IDENTITY (
    SEQUENCE NAME public.auth_group_permissions_id_seq
    START WITH 1
    INCREMENT BY 1
    NO MINVALUE
    NO MAXVALUE
    CACHE 1
);


--
-- TOC entry 219 (class 1259 OID 16431)
-- Name: auth_permission; Type: TABLE; Schema: public; Owner: postgres
--

CREATE TABLE public.auth_permission (
    id integer NOT NULL,
    name character varying(255) NOT NULL,
    content_type_id integer NOT NULL,
    codename character varying(100) NOT NULL
);


ALTER TABLE public.auth_permission OWNER TO postgres;

--
-- TOC entry 218 (class 1259 OID 16430)
-- Name: auth_permission_id_seq; Type: SEQUENCE; Schema: public; Owner: postgres
--

ALTER TABLE public.auth_permission ALTER COLUMN id ADD GENERATED BY DEFAULT AS IDENTITY (
    SEQUENCE NAME public.auth_permission_id_seq
    START WITH 1
    INCREMENT BY 1
    NO MINVALUE
    NO MAXVALUE
    CACHE 1
);


--
-- TOC entry 230 (class 1259 OID 16527)
-- Name: django_admin_log; Type: TABLE; Schema: public; Owner: postgres
--

CREATE TABLE public.django_admin_log (
    id integer NOT NULL,
    action_time timestamp with time zone NOT NULL,
    object_id text,
    object_repr character varying(200) NOT NULL,
    action_flag smallint NOT NULL,
    change_message text NOT NULL,
    content_type_id integer,
    user_id character varying(20) NOT NULL,
    CONSTRAINT django_admin_log_action_flag_check CHECK ((action_flag >= 0))
);


ALTER TABLE public.django_admin_log OWNER TO postgres;

--
-- TOC entry 229 (class 1259 OID 16526)
-- Name: django_admin_log_id_seq; Type: SEQUENCE; Schema: public; Owner: postgres
--

ALTER TABLE public.django_admin_log ALTER COLUMN id ADD GENERATED BY DEFAULT AS IDENTITY (
    SEQUENCE NAME public.django_admin_log_id_seq
    START WITH 1
    INCREMENT BY 1
    NO MINVALUE
    NO MAXVALUE
    CACHE 1
);


--
-- TOC entry 217 (class 1259 OID 16409)
-- Name: django_content_type; Type: TABLE; Schema: public; Owner: postgres
--

CREATE TABLE public.django_content_type (
    id integer NOT NULL,
    app_label character varying(100) NOT NULL,
    model character varying(100) NOT NULL
);


ALTER TABLE public.django_content_type OWNER TO postgres;

--
-- TOC entry 216 (class 1259 OID 16408)
-- Name: django_content_type_id_seq; Type: SEQUENCE; Schema: public; Owner: postgres
--

ALTER TABLE public.django_content_type ALTER COLUMN id ADD GENERATED BY DEFAULT AS IDENTITY (
    SEQUENCE NAME public.django_content_type_id_seq
    START WITH 1
    INCREMENT BY 1
    NO MINVALUE
    NO MAXVALUE
    CACHE 1
);


--
-- TOC entry 215 (class 1259 OID 16401)
-- Name: django_migrations; Type: TABLE; Schema: public; Owner: postgres
--

CREATE TABLE public.django_migrations (
    id bigint NOT NULL,
    app character varying(255) NOT NULL,
    name character varying(255) NOT NULL,
    applied timestamp with time zone NOT NULL
);


ALTER TABLE public.django_migrations OWNER TO postgres;

--
-- TOC entry 214 (class 1259 OID 16400)
-- Name: django_migrations_id_seq; Type: SEQUENCE; Schema: public; Owner: postgres
--

ALTER TABLE public.django_migrations ALTER COLUMN id ADD GENERATED BY DEFAULT AS IDENTITY (
    SEQUENCE NAME public.django_migrations_id_seq
    START WITH 1
    INCREMENT BY 1
    NO MINVALUE
    NO MAXVALUE
    CACHE 1
);


--
-- TOC entry 236 (class 1259 OID 16597)
-- Name: django_session; Type: TABLE; Schema: public; Owner: postgres
--

CREATE TABLE public.django_session (
    session_key character varying(40) NOT NULL,
    session_data text NOT NULL,
    expire_date timestamp with time zone NOT NULL
);


ALTER TABLE public.django_session OWNER TO postgres;

--
-- TOC entry 231 (class 1259 OID 16548)
-- Name: libros; Type: TABLE; Schema: public; Owner: postgres
--

CREATE TABLE public.libros (
    isbn character varying(13) NOT NULL,
    titulo character varying(150) NOT NULL,
    paginas integer NOT NULL,
    autor character varying(30) NOT NULL,
    foto character varying(100),
    sinopsis character varying(10000)
);


ALTER TABLE public.libros OWNER TO postgres;

--
-- TOC entry 233 (class 1259 OID 16556)
-- Name: listas; Type: TABLE; Schema: public; Owner: postgres
--

CREATE TABLE public.listas (
    id integer NOT NULL,
    estado character varying(20) NOT NULL,
    book_id character varying(13) NOT NULL,
    user_id character varying(20) NOT NULL
);


ALTER TABLE public.listas OWNER TO postgres;

--
-- TOC entry 232 (class 1259 OID 16555)
-- Name: listas_id_seq; Type: SEQUENCE; Schema: public; Owner: postgres
--

ALTER TABLE public.listas ALTER COLUMN id ADD GENERATED BY DEFAULT AS IDENTITY (
    SEQUENCE NAME public.listas_id_seq
    START WITH 1
    INCREMENT BY 1
    NO MINVALUE
    NO MAXVALUE
    CACHE 1
);


--
-- TOC entry 224 (class 1259 OID 16476)
-- Name: login_user; Type: TABLE; Schema: public; Owner: postgres
--

CREATE TABLE public.login_user (
    password character varying(128) NOT NULL,
    last_login timestamp with time zone,
    is_superuser boolean NOT NULL,
    first_name character varying(150) NOT NULL,
    last_name character varying(150) NOT NULL,
    email character varying(254) NOT NULL,
    is_staff boolean NOT NULL,
    is_active boolean NOT NULL,
    date_joined timestamp with time zone NOT NULL,
    username character varying(20) NOT NULL,
    biografia character varying(1000) NOT NULL
);


ALTER TABLE public.login_user OWNER TO postgres;

--
-- TOC entry 226 (class 1259 OID 16484)
-- Name: login_user_groups; Type: TABLE; Schema: public; Owner: postgres
--

CREATE TABLE public.login_user_groups (
    id bigint NOT NULL,
    user_id character varying(20) NOT NULL,
    group_id integer NOT NULL
);


ALTER TABLE public.login_user_groups OWNER TO postgres;

--
-- TOC entry 225 (class 1259 OID 16483)
-- Name: login_user_groups_id_seq; Type: SEQUENCE; Schema: public; Owner: postgres
--

ALTER TABLE public.login_user_groups ALTER COLUMN id ADD GENERATED BY DEFAULT AS IDENTITY (
    SEQUENCE NAME public.login_user_groups_id_seq
    START WITH 1
    INCREMENT BY 1
    NO MINVALUE
    NO MAXVALUE
    CACHE 1
);


--
-- TOC entry 228 (class 1259 OID 16490)
-- Name: login_user_user_permissions; Type: TABLE; Schema: public; Owner: postgres
--

CREATE TABLE public.login_user_user_permissions (
    id bigint NOT NULL,
    user_id character varying(20) NOT NULL,
    permission_id integer NOT NULL
);


ALTER TABLE public.login_user_user_permissions OWNER TO postgres;

--
-- TOC entry 227 (class 1259 OID 16489)
-- Name: login_user_user_permissions_id_seq; Type: SEQUENCE; Schema: public; Owner: postgres
--

ALTER TABLE public.login_user_user_permissions ALTER COLUMN id ADD GENERATED BY DEFAULT AS IDENTITY (
    SEQUENCE NAME public.login_user_user_permissions_id_seq
    START WITH 1
    INCREMENT BY 1
    NO MINVALUE
    NO MAXVALUE
    CACHE 1
);


--
-- TOC entry 235 (class 1259 OID 16562)
-- Name: opiniones; Type: TABLE; Schema: public; Owner: postgres
--

CREATE TABLE public.opiniones (
    id integer NOT NULL,
    opinion character varying(255) NOT NULL,
    book_id character varying(13) NOT NULL,
    user_id character varying(20) NOT NULL
);


ALTER TABLE public.opiniones OWNER TO postgres;

--
-- TOC entry 234 (class 1259 OID 16561)
-- Name: opiniones_id_seq; Type: SEQUENCE; Schema: public; Owner: postgres
--

ALTER TABLE public.opiniones ALTER COLUMN id ADD GENERATED BY DEFAULT AS IDENTITY (
    SEQUENCE NAME public.opiniones_id_seq
    START WITH 1
    INCREMENT BY 1
    NO MINVALUE
    NO MAXVALUE
    CACHE 1
);


--
-- TOC entry 238 (class 1259 OID 16607)
-- Name: solicitudes; Type: TABLE; Schema: public; Owner: postgres
--

CREATE TABLE public.solicitudes (
    id_solicitud integer NOT NULL,
    estado character varying(9) NOT NULL,
    usr_envia_id character varying(20) NOT NULL,
    usr_recibe_id character varying(20) NOT NULL
);


ALTER TABLE public.solicitudes OWNER TO postgres;

--
-- TOC entry 237 (class 1259 OID 16606)
-- Name: solicitudes_id_solicitud_seq; Type: SEQUENCE; Schema: public; Owner: postgres
--

ALTER TABLE public.solicitudes ALTER COLUMN id_solicitud ADD GENERATED BY DEFAULT AS IDENTITY (
    SEQUENCE NAME public.solicitudes_id_solicitud_seq
    START WITH 1
    INCREMENT BY 1
    NO MINVALUE
    NO MAXVALUE
    CACHE 1
);


--
-- TOC entry 3472 (class 0 OID 16437)
-- Dependencies: 221
-- Data for Name: auth_group; Type: TABLE DATA; Schema: public; Owner: postgres
--



--
-- TOC entry 3474 (class 0 OID 16445)
-- Dependencies: 223
-- Data for Name: auth_group_permissions; Type: TABLE DATA; Schema: public; Owner: postgres
--



--
-- TOC entry 3470 (class 0 OID 16431)
-- Dependencies: 219
-- Data for Name: auth_permission; Type: TABLE DATA; Schema: public; Owner: postgres
--

INSERT INTO public.auth_permission (id, name, content_type_id, codename) VALUES (1, 'Can add log entry', 1, 'add_logentry');
INSERT INTO public.auth_permission (id, name, content_type_id, codename) VALUES (2, 'Can change log entry', 1, 'change_logentry');
INSERT INTO public.auth_permission (id, name, content_type_id, codename) VALUES (3, 'Can delete log entry', 1, 'delete_logentry');
INSERT INTO public.auth_permission (id, name, content_type_id, codename) VALUES (4, 'Can view log entry', 1, 'view_logentry');
INSERT INTO public.auth_permission (id, name, content_type_id, codename) VALUES (5, 'Can add permission', 2, 'add_permission');
INSERT INTO public.auth_permission (id, name, content_type_id, codename) VALUES (6, 'Can change permission', 2, 'change_permission');
INSERT INTO public.auth_permission (id, name, content_type_id, codename) VALUES (7, 'Can delete permission', 2, 'delete_permission');
INSERT INTO public.auth_permission (id, name, content_type_id, codename) VALUES (8, 'Can view permission', 2, 'view_permission');
INSERT INTO public.auth_permission (id, name, content_type_id, codename) VALUES (9, 'Can add group', 3, 'add_group');
INSERT INTO public.auth_permission (id, name, content_type_id, codename) VALUES (10, 'Can change group', 3, 'change_group');
INSERT INTO public.auth_permission (id, name, content_type_id, codename) VALUES (11, 'Can delete group', 3, 'delete_group');
INSERT INTO public.auth_permission (id, name, content_type_id, codename) VALUES (12, 'Can view group', 3, 'view_group');
INSERT INTO public.auth_permission (id, name, content_type_id, codename) VALUES (13, 'Can add content type', 4, 'add_contenttype');
INSERT INTO public.auth_permission (id, name, content_type_id, codename) VALUES (14, 'Can change content type', 4, 'change_contenttype');
INSERT INTO public.auth_permission (id, name, content_type_id, codename) VALUES (15, 'Can delete content type', 4, 'delete_contenttype');
INSERT INTO public.auth_permission (id, name, content_type_id, codename) VALUES (16, 'Can view content type', 4, 'view_contenttype');
INSERT INTO public.auth_permission (id, name, content_type_id, codename) VALUES (17, 'Can add session', 5, 'add_session');
INSERT INTO public.auth_permission (id, name, content_type_id, codename) VALUES (18, 'Can change session', 5, 'change_session');
INSERT INTO public.auth_permission (id, name, content_type_id, codename) VALUES (19, 'Can delete session', 5, 'delete_session');
INSERT INTO public.auth_permission (id, name, content_type_id, codename) VALUES (20, 'Can view session', 5, 'view_session');
INSERT INTO public.auth_permission (id, name, content_type_id, codename) VALUES (21, 'Can add user', 6, 'add_user');
INSERT INTO public.auth_permission (id, name, content_type_id, codename) VALUES (22, 'Can change user', 6, 'change_user');
INSERT INTO public.auth_permission (id, name, content_type_id, codename) VALUES (23, 'Can delete user', 6, 'delete_user');
INSERT INTO public.auth_permission (id, name, content_type_id, codename) VALUES (24, 'Can view user', 6, 'view_user');
INSERT INTO public.auth_permission (id, name, content_type_id, codename) VALUES (25, 'Can add libros', 7, 'add_libros');
INSERT INTO public.auth_permission (id, name, content_type_id, codename) VALUES (26, 'Can change libros', 7, 'change_libros');
INSERT INTO public.auth_permission (id, name, content_type_id, codename) VALUES (27, 'Can delete libros', 7, 'delete_libros');
INSERT INTO public.auth_permission (id, name, content_type_id, codename) VALUES (28, 'Can view libros', 7, 'view_libros');
INSERT INTO public.auth_permission (id, name, content_type_id, codename) VALUES (29, 'Can add listas', 8, 'add_listas');
INSERT INTO public.auth_permission (id, name, content_type_id, codename) VALUES (30, 'Can change listas', 8, 'change_listas');
INSERT INTO public.auth_permission (id, name, content_type_id, codename) VALUES (31, 'Can delete listas', 8, 'delete_listas');
INSERT INTO public.auth_permission (id, name, content_type_id, codename) VALUES (32, 'Can view listas', 8, 'view_listas');
INSERT INTO public.auth_permission (id, name, content_type_id, codename) VALUES (33, 'Can add opiniones', 9, 'add_opiniones');
INSERT INTO public.auth_permission (id, name, content_type_id, codename) VALUES (34, 'Can change opiniones', 9, 'change_opiniones');
INSERT INTO public.auth_permission (id, name, content_type_id, codename) VALUES (35, 'Can delete opiniones', 9, 'delete_opiniones');
INSERT INTO public.auth_permission (id, name, content_type_id, codename) VALUES (36, 'Can view opiniones', 9, 'view_opiniones');
INSERT INTO public.auth_permission (id, name, content_type_id, codename) VALUES (37, 'Can add solicitudes', 10, 'add_solicitudes');
INSERT INTO public.auth_permission (id, name, content_type_id, codename) VALUES (38, 'Can change solicitudes', 10, 'change_solicitudes');
INSERT INTO public.auth_permission (id, name, content_type_id, codename) VALUES (39, 'Can delete solicitudes', 10, 'delete_solicitudes');
INSERT INTO public.auth_permission (id, name, content_type_id, codename) VALUES (40, 'Can view solicitudes', 10, 'view_solicitudes');


--
-- TOC entry 3481 (class 0 OID 16527)
-- Dependencies: 230
-- Data for Name: django_admin_log; Type: TABLE DATA; Schema: public; Owner: postgres
--

INSERT INTO public.django_admin_log (id, action_time, object_id, object_repr, action_flag, change_message, content_type_id, user_id) VALUES (1, '2023-04-14 19:03:48.822198+02', '9788416588114', 'UN MONSTRUO VIENE A VERME (9788416588114)', 1, '[{"added": {}}]', 7, 'alejandro');
INSERT INTO public.django_admin_log (id, action_time, object_id, object_repr, action_flag, change_message, content_type_id, user_id) VALUES (2, '2023-04-15 19:12:06.999357+02', '9788433972606', 'Alguien voló sobre el nido del cuco (9788433972606)', 1, '[{"added": {}}]', 7, 'alejandro');
INSERT INTO public.django_admin_log (id, action_time, object_id, object_repr, action_flag, change_message, content_type_id, user_id) VALUES (3, '2023-04-15 19:15:39.546225+02', '9788499082479', 'El nombre del viento (9788499082479)', 1, '[{"added": {}}]', 7, 'alejandro');
INSERT INTO public.django_admin_log (id, action_time, object_id, object_repr, action_flag, change_message, content_type_id, user_id) VALUES (4, '2023-04-15 20:25:14.586809+02', '9788416588114', 'Un monstruo viene a verme (9788416588114)', 2, '[{"changed": {"fields": ["Titulo", "Autor"]}}]', 7, 'alejandro');
INSERT INTO public.django_admin_log (id, action_time, object_id, object_repr, action_flag, change_message, content_type_id, user_id) VALUES (5, '2023-04-15 20:30:49.757482+02', '9788466657662', 'El camino de los reyes (9788466657662)', 1, '[{"added": {}}]', 7, 'alejandro');
INSERT INTO public.django_admin_log (id, action_time, object_id, object_repr, action_flag, change_message, content_type_id, user_id) VALUES (6, '2023-04-27 12:42:38.900322+02', '9788433972606', 'Alguien voló sobre el nido del cuco (9788433972606)', 1, '[{"added": {}}]', 7, 'alejandro');
INSERT INTO public.django_admin_log (id, action_time, object_id, object_repr, action_flag, change_message, content_type_id, user_id) VALUES (7, '2023-04-27 12:44:00.669029+02', '9788413143194', 'El imperio final (9788413143194)', 1, '[{"added": {}}]', 7, 'alejandro');
INSERT INTO public.django_admin_log (id, action_time, object_id, object_repr, action_flag, change_message, content_type_id, user_id) VALUES (8, '2023-04-27 12:46:36.583999+02', '978844501111', 'El señor de los anillos (978844501111)', 1, '[{"added": {}}]', 7, 'alejandro');
INSERT INTO public.django_admin_log (id, action_time, object_id, object_repr, action_flag, change_message, content_type_id, user_id) VALUES (9, '2023-04-27 12:48:26.91851+02', '9788401328510', 'Los pilares de la tierra (9788401328510)', 1, '[{"added": {}}]', 7, 'alejandro');
INSERT INTO public.django_admin_log (id, action_time, object_id, object_repr, action_flag, change_message, content_type_id, user_id) VALUES (10, '2023-04-27 12:49:29.151943+02', '9788467045390', 'Diez negritos (9788467045390)', 1, '[{"added": {}}]', 7, 'alejandro');
INSERT INTO public.django_admin_log (id, action_time, object_id, object_repr, action_flag, change_message, content_type_id, user_id) VALUES (11, '2023-04-27 12:50:34.015367+02', '9788491990437', 'Breves respuestas a las grandes preguntas (9788491990437)', 1, '[{"added": {}}]', 7, 'alejandro');
INSERT INTO public.django_admin_log (id, action_time, object_id, object_repr, action_flag, change_message, content_type_id, user_id) VALUES (12, '2023-04-27 12:51:54.377653+02', '9788416858248', 'Siega (9788416858248)', 1, '[{"added": {}}]', 7, 'alejandro');
INSERT INTO public.django_admin_log (id, action_time, object_id, object_repr, action_flag, change_message, content_type_id, user_id) VALUES (13, '2023-04-27 12:52:44.395284+02', '9788466664417', 'Reina Roja (9788466664417)', 1, '[{"added": {}}]', 7, 'alejandro');
INSERT INTO public.django_admin_log (id, action_time, object_id, object_repr, action_flag, change_message, content_type_id, user_id) VALUES (14, '2023-04-27 12:53:41.823698+02', '9788499890944', '1984 (9788499890944)', 1, '[{"added": {}}]', 7, 'alejandro');
INSERT INTO public.django_admin_log (id, action_time, object_id, object_repr, action_flag, change_message, content_type_id, user_id) VALUES (15, '2023-04-27 12:54:34.944222+02', '9788478884452', 'Harry Potter y la piedra filosofal (9788478884452)', 1, '[{"added": {}}]', 7, 'alejandro');
INSERT INTO public.django_admin_log (id, action_time, object_id, object_repr, action_flag, change_message, content_type_id, user_id) VALUES (16, '2023-04-27 12:55:37.487915+02', '9788478887194', 'El principito (9788478887194)', 1, '[{"added": {}}]', 7, 'alejandro');
INSERT INTO public.django_admin_log (id, action_time, object_id, object_repr, action_flag, change_message, content_type_id, user_id) VALUES (17, '2023-04-27 12:56:45.445063+02', '9788496940000', 'El medico (9788496940000)', 1, '[{"added": {}}]', 7, 'alejandro');
INSERT INTO public.django_admin_log (id, action_time, object_id, object_repr, action_flag, change_message, content_type_id, user_id) VALUES (18, '2023-04-27 12:57:50.855482+02', '9788420674179', 'El señor de las moscas (9788420674179)', 1, '[{"added": {}}]', 7, 'alejandro');
INSERT INTO public.django_admin_log (id, action_time, object_id, object_repr, action_flag, change_message, content_type_id, user_id) VALUES (19, '2023-04-27 12:58:53.932926+02', '9788411406710', 'One Piece Nº 01 (9788411406710)', 1, '[{"added": {}}]', 7, 'alejandro');


--
-- TOC entry 3468 (class 0 OID 16409)
-- Dependencies: 217
-- Data for Name: django_content_type; Type: TABLE DATA; Schema: public; Owner: postgres
--

INSERT INTO public.django_content_type (id, app_label, model) VALUES (1, 'admin', 'logentry');
INSERT INTO public.django_content_type (id, app_label, model) VALUES (2, 'auth', 'permission');
INSERT INTO public.django_content_type (id, app_label, model) VALUES (3, 'auth', 'group');
INSERT INTO public.django_content_type (id, app_label, model) VALUES (4, 'contenttypes', 'contenttype');
INSERT INTO public.django_content_type (id, app_label, model) VALUES (5, 'sessions', 'session');
INSERT INTO public.django_content_type (id, app_label, model) VALUES (6, 'login', 'user');
INSERT INTO public.django_content_type (id, app_label, model) VALUES (7, 'gestionLibros', 'libros');
INSERT INTO public.django_content_type (id, app_label, model) VALUES (8, 'gestionLibros', 'listas');
INSERT INTO public.django_content_type (id, app_label, model) VALUES (9, 'gestionLibros', 'opiniones');
INSERT INTO public.django_content_type (id, app_label, model) VALUES (10, 'solicitudes', 'solicitudes');


--
-- TOC entry 3466 (class 0 OID 16401)
-- Dependencies: 215
-- Data for Name: django_migrations; Type: TABLE DATA; Schema: public; Owner: postgres
--

INSERT INTO public.django_migrations (id, app, name, applied) VALUES (1, 'contenttypes', '0001_initial', '2023-04-14 18:52:18.310739+02');
INSERT INTO public.django_migrations (id, app, name, applied) VALUES (2, 'contenttypes', '0002_remove_content_type_name', '2023-04-14 18:56:28.323644+02');
INSERT INTO public.django_migrations (id, app, name, applied) VALUES (3, 'auth', '0001_initial', '2023-04-14 18:56:28.39001+02');
INSERT INTO public.django_migrations (id, app, name, applied) VALUES (4, 'auth', '0002_alter_permission_name_max_length', '2023-04-14 18:56:28.39401+02');
INSERT INTO public.django_migrations (id, app, name, applied) VALUES (5, 'auth', '0003_alter_user_email_max_length', '2023-04-14 18:56:28.39901+02');
INSERT INTO public.django_migrations (id, app, name, applied) VALUES (6, 'auth', '0004_alter_user_username_opts', '2023-04-14 18:56:28.402011+02');
INSERT INTO public.django_migrations (id, app, name, applied) VALUES (7, 'auth', '0005_alter_user_last_login_null', '2023-04-14 18:56:28.40601+02');
INSERT INTO public.django_migrations (id, app, name, applied) VALUES (8, 'auth', '0006_require_contenttypes_0002', '2023-04-14 18:56:28.406928+02');
INSERT INTO public.django_migrations (id, app, name, applied) VALUES (9, 'auth', '0007_alter_validators_add_error_messages', '2023-04-14 18:56:28.410938+02');
INSERT INTO public.django_migrations (id, app, name, applied) VALUES (10, 'auth', '0008_alter_user_username_max_length', '2023-04-14 18:56:28.413939+02');
INSERT INTO public.django_migrations (id, app, name, applied) VALUES (11, 'auth', '0009_alter_user_last_name_max_length', '2023-04-14 18:56:28.417939+02');
INSERT INTO public.django_migrations (id, app, name, applied) VALUES (12, 'auth', '0010_alter_group_name_max_length', '2023-04-14 18:56:28.423939+02');
INSERT INTO public.django_migrations (id, app, name, applied) VALUES (13, 'auth', '0011_update_proxy_permissions', '2023-04-14 18:56:28.42794+02');
INSERT INTO public.django_migrations (id, app, name, applied) VALUES (14, 'auth', '0012_alter_user_first_name_max_length', '2023-04-14 18:56:28.431939+02');
INSERT INTO public.django_migrations (id, app, name, applied) VALUES (15, 'login', '0001_initial', '2023-04-14 18:56:28.467047+02');
INSERT INTO public.django_migrations (id, app, name, applied) VALUES (16, 'admin', '0001_initial', '2023-04-14 18:56:28.483086+02');
INSERT INTO public.django_migrations (id, app, name, applied) VALUES (17, 'admin', '0002_logentry_remove_auto_add', '2023-04-14 18:56:28.489084+02');
INSERT INTO public.django_migrations (id, app, name, applied) VALUES (18, 'admin', '0003_logentry_add_action_flag_choices', '2023-04-14 18:56:28.531705+02');
INSERT INTO public.django_migrations (id, app, name, applied) VALUES (19, 'gestionLibros', '0001_initial', '2023-04-14 18:56:28.551705+02');
INSERT INTO public.django_migrations (id, app, name, applied) VALUES (20, 'gestionLibros', '0002_initial', '2023-04-14 18:56:28.57937+02');
INSERT INTO public.django_migrations (id, app, name, applied) VALUES (21, 'sessions', '0001_initial', '2023-04-14 18:56:28.622725+02');
INSERT INTO public.django_migrations (id, app, name, applied) VALUES (22, 'solicitudes', '0001_initial', '2023-04-14 18:56:28.638725+02');
INSERT INTO public.django_migrations (id, app, name, applied) VALUES (23, 'gestionLibros', '0003_alter_libros_sinopsis_alter_libros_titulo', '2023-04-15 19:06:29.680458+02');
INSERT INTO public.django_migrations (id, app, name, applied) VALUES (24, 'gestionLibros', '0004_alter_listas_estado', '2023-04-27 09:38:01.418545+02');


--
-- TOC entry 3487 (class 0 OID 16597)
-- Dependencies: 236
-- Data for Name: django_session; Type: TABLE DATA; Schema: public; Owner: postgres
--

INSERT INTO public.django_session (session_key, session_data, expire_date) VALUES ('ssu3roqsl34h8sp1avr5cdc6epqpt1kz', '.eJxVzEEOgjAQheG7dG0apu1MwaV7z9BMO0VQQhMKK-PdhYSFrv_vvbcKvK1D2GpewijqqnjKT55lKery2yKnV54PIHt-FJ3KvC5j1AfRZ636XiRPt9P-HQxch31N6IF7NIDeUmZLxMl5EewioW2RWozOQGcBTJMEqPMNNbb3DM6nxOrzBQhVOf4:1pnMny:HhdVbQZx-pq-h_m9r1gW6bqXeC6j8QIHc48WwY2f0xo', '2023-04-28 19:01:46.032958+02');
INSERT INTO public.django_session (session_key, session_data, expire_date) VALUES ('t30it7r4knz1kzaea20lrphv44hot57b', '.eJxVzEsOwiAUheG9MDaER-Xh0LlrIBfuRaq1JNCOjHu3TTrQ8f-d82YB1qWEtVMLI7ILg4keMGOrL3b6jRHSk-Zd4Nbvlac6L22MfCf8qJ3fKtJ0PezfQYFetnVMOQtnpCdrIOZk6JyNHTRKoyQJsFIoBYN2zoOPzoIQDjGD1Y6M1Zp9vpFwO5g:1pnjI2:UW5kXcUsoI3Kq_vSefIDk0HjvZsAvngAU0yTWewXA3c', '2023-04-29 19:02:18.314522+02');
INSERT INTO public.django_session (session_key, session_data, expire_date) VALUES ('kcuncpmoxgqklxurn5p8afnjq3nn129v', '.eJxVzEEOgjAQheG7dG0apu1MwaV7z9BMO0VQQhMKK-PdhYSFrv_vvbcKvK1D2GpewijqqnjKT55lKery2yKnV54PIHt-FJ3KvC5j1AfRZ636XiRPt9P-HQxch31N6IF7NIDeUmZLxMl5EewioW2RWozOQGcBTJMEqPMNNbb3DM6nxOrzBQhVOf4:1pnjO1:uRrV5pHkl82i4gH9i6JTQokj5vIVx2DLkTZB_ql5J48', '2023-04-29 19:08:29.399221+02');
INSERT INTO public.django_session (session_key, session_data, expire_date) VALUES ('igcp8rgdhyeehmwuuaaea8l57499g2ku', '.eJxVjEEOgkAMRe8yazNhyqQUl-49A2lpB1ADCQMr4t2FhET92_fe31zD69I3a7a5GdRdXfedu_xS4fZp46Hog8du8u00LvMg_lD8SbO_T2qv2-n-HfSc-73mGkM0SooVaQmxUEuIdShJglYMJEhtMgCxSIkjYYCKoC72TgTQvT-6-juX:1przxL:Eg8yQqPl3TImP72UKaiGTREa4UvIB5Afq1hrbBxK-cM', '2023-05-11 13:38:35.550857+02');
INSERT INTO public.django_session (session_key, session_data, expire_date) VALUES ('0sagwhbufu3ktre24ww1mh8vgvmw6xec', '.eJxVzLEOwiAUheF3YTYESgXq6N7EsRu5wEWqBhKgSY3x3bVJB53Pd_4XMbC0aJaKxcyenMg6XZ4t5mRGqA3LtJLDr7Hg7pg26G-Qrpm6nFqZLd0I3ddKx-zxcd7tXyBCjd-3dSEwLfmASoINTuIxSNULz2XHkYHirOugF1oPMFitgDHtfQAlNEolBHl_AJIXPmg:1ps01h:-aA4mm6L2vTXHoCKcwSyMz9q9OPYzDkdQhPqbim6o1I', '2023-05-11 13:43:05.648657+02');
INSERT INTO public.django_session (session_key, session_data, expire_date) VALUES ('6py48apg5tuucjpcmsp8z8vr7j095kpy', '.eJxVzEsOwiAUheG9MDaER-Xh0LlrIBfuRaq1JNCOjHu3TTrQ8f-d82YB1qWEtVMLI7ILg4keMGOrL3b6jRHSk-Zd4Nbvlac6L22MfCf8qJ3fKtJ0PezfQYFetnVMOQtnpCdrIOZk6JyNHTRKoyQJsFIoBYN2zoOPzoIQDjGD1Y6M1Zp9vpFwO5g:1prERW:bR9IEO9H4UVRKpTTRVNJt1gfwyhT9QE9xX83EKhVT2Y', '2023-05-09 10:54:34.637396+02');
INSERT INTO public.django_session (session_key, session_data, expire_date) VALUES ('r4gpdw8m4fjl6i5x2kwddnh1s5h2md7c', '.eJxVzEsOwiAUheG9MDaER-Xh0LlrIBfuRaq1JNCOjHu3TTrQ8f-d82YB1qWEtVMLI7ILg4keMGOrL3b6jRHSk-Zd4Nbvlac6L22MfCf8qJ3fKtJ0PezfQYFetnVMOQtnpCdrIOZk6JyNHTRKoyQJsFIoBYN2zoOPzoIQDjGD1Y6M1Zp9vpFwO5g:1prEjr:NU4INKSBy2jzY2KcV6wWL5XjqAuGOxFtwEb8W36khS8', '2023-05-09 11:13:31.1164+02');
INSERT INTO public.django_session (session_key, session_data, expire_date) VALUES ('htnj69brl9jg37869tom01ivbxy6pwk4', '.eJxVzEsOwiAUheG9MDaER-Xh0LlrIBfuRaq1JNCOjHu3TTrQ8f-d82YB1qWEtVMLI7ILg4keMGOrL3b6jRHSk-Zd4Nbvlac6L22MfCf8qJ3fKtJ0PezfQYFetnVMOQtnpCdrIOZk6JyNHTRKoyQJsFIoBYN2zoOPzoIQDjGD1Y6M1Zp9vpFwO5g:1prEnv:KmsBCGnginD7hK4hY-QSjG6tRNWK6lC-Xmkm2e1HKfk', '2023-05-09 11:17:43.371853+02');
INSERT INTO public.django_session (session_key, session_data, expire_date) VALUES ('u8tpnvy8tfmacg5y5ftoq45jejhwcxyh', '.eJxVzEsOwiAUheG9MDaER-Xh0LlrIBfuRaq1JNCOjHu3TTrQ8f-d82YB1qWEtVMLI7ILg4keMGOrL3b6jRHSk-Zd4Nbvlac6L22MfCf8qJ3fKtJ0PezfQYFetnVMOQtnpCdrIOZk6JyNHTRKoyQJsFIoBYN2zoOPzoIQDjGD1Y6M1Zp9vpFwO5g:1prw2z:yfLJHQ2m34vgHUaJlLjqLSFjXDquZaQ_av18U_MVsrs', '2023-05-11 09:28:09.563084+02');
INSERT INTO public.django_session (session_key, session_data, expire_date) VALUES ('0erxskm6z2rq29cfer2eoog85zyzax7a', '.eJxVzEsOwiAUheG9MDaER-Xh0LlrIBfuRaq1JNCOjHu3TTrQ8f-d82YB1qWEtVMLI7ILg4keMGOrL3b6jRHSk-Zd4Nbvlac6L22MfCf8qJ3fKtJ0PezfQYFetnVMOQtnpCdrIOZk6JyNHTRKoyQJsFIoBYN2zoOPzoIQDjGD1Y6M1Zp9vpFwO5g:1prw6j:SPcY8sonhOix3jBjFDMO81QzyEp6a02A0gHl3UAR3rc', '2023-05-11 09:32:01.131941+02');
INSERT INTO public.django_session (session_key, session_data, expire_date) VALUES ('r6ki9l4pq2yywbr5yqljm77m4i9ef1v6', '.eJxVzEsOwiAUheG9MDaER-Xh0LlrIBfuRaq1JNCOjHu3TTrQ8f-d82YB1qWEtVMLI7ILg4keMGOrL3b6jRHSk-Zd4Nbvlac6L22MfCf8qJ3fKtJ0PezfQYFetnVMOQtnpCdrIOZk6JyNHTRKoyQJsFIoBYN2zoOPzoIQDjGD1Y6M1Zp9vpFwO5g:1prwnt:SWmACK26Y6SsXWIoB-TqfaAcYjfY_OBAcSpWVH-AtxM', '2023-05-11 10:16:37.303775+02');
INSERT INTO public.django_session (session_key, session_data, expire_date) VALUES ('b7sgz17kiwhp6rsrysh8z3mk8v6yrp3r', '.eJxVzEsOwiAUheG9MDaER-Xh0LlrIBfuRaq1JNCOjHu3TTrQ8f-d82YB1qWEtVMLI7ILg4keMGOrL3b6jRHSk-Zd4Nbvlac6L22MfCf8qJ3fKtJ0PezfQYFetnVMOQtnpCdrIOZk6JyNHTRKoyQJsFIoBYN2zoOPzoIQDjGD1Y6M1Zp9vpFwO5g:1prx1f:6LVawfdhuw6-iLCP4YlD7mlAMHOtAxaxdtJM-HZaSiM', '2023-05-11 10:30:51.002206+02');
INSERT INTO public.django_session (session_key, session_data, expire_date) VALUES ('m7htkgl5ctvo8nxmdznl0aukfs76i461', '.eJxVzEsOwiAUheG9MDaER-Xh0LlrIBfuRaq1JNCOjHu3TTrQ8f-d82YB1qWEtVMLI7ILg4keMGOrL3b6jRHSk-Zd4Nbvlac6L22MfCf8qJ3fKtJ0PezfQYFetnVMOQtnpCdrIOZk6JyNHTRKoyQJsFIoBYN2zoOPzoIQDjGD1Y6M1Zp9vpFwO5g:1prx3V:-m1hebzVsf18JjJCcKvL3kSyCQTKzouOPBe2DJp-brc', '2023-05-11 10:32:45.004429+02');
INSERT INTO public.django_session (session_key, session_data, expire_date) VALUES ('0t1f0yhm522fw4zi11zykvn6btuukchk', '.eJxVzEsOwiAUheG9MDaER-Xh0LlrIBfuRaq1JNCOjHu3TTrQ8f-d82YB1qWEtVMLI7ILg4keMGOrL3b6jRHSk-Zd4Nbvlac6L22MfCf8qJ3fKtJ0PezfQYFetnVMOQtnpCdrIOZk6JyNHTRKoyQJsFIoBYN2zoOPzoIQDjGD1Y6M1Zp9vpFwO5g:1prxCP:npQIfUtuHORbKek076Cpsvf6C9IBRHU5H1Iu2TAheIo', '2023-05-11 10:41:57.045066+02');
INSERT INTO public.django_session (session_key, session_data, expire_date) VALUES ('7ljbpc307egxqxd40nu3yc9tpjwbmelk', '.eJxVzEsOwiAUheG9MDaER-Xh0LlrIBfuRaq1JNCOjHu3TTrQ8f-d82YB1qWEtVMLI7ILg4keMGOrL3b6jRHSk-Zd4Nbvlac6L22MfCf8qJ3fKtJ0PezfQYFetnVMOQtnpCdrIOZk6JyNHTRKoyQJsFIoBYN2zoOPzoIQDjGD1Y6M1Zp9vpFwO5g:1prxOU:k9_1cF3PTAeu4dsAL9IllLkgib_zgsilts9ALVxktC4', '2023-05-11 10:54:26.401574+02');
INSERT INTO public.django_session (session_key, session_data, expire_date) VALUES ('314n1s8aw7u0ioyyxtr0xnlrfu2k3ium', '.eJxVzEsOwiAUheG9MDaER-Xh0LlrIBfuRaq1JNCOjHu3TTrQ8f-d82YB1qWEtVMLI7ILg4keMGOrL3b6jRHSk-Zd4Nbvlac6L22MfCf8qJ3fKtJ0PezfQYFetnVMOQtnpCdrIOZk6JyNHTRKoyQJsFIoBYN2zoOPzoIQDjGD1Y6M1Zp9vpFwO5g:1prxTf:guFJPKRhF_OCvTCWvuR86nznlcFuIqkWLM9mMujiGE8', '2023-05-11 10:59:47.056053+02');
INSERT INTO public.django_session (session_key, session_data, expire_date) VALUES ('w5mmz0c5s6o62q92ve59rp9bsir3vc3x', '.eJxVzEsOwiAUheG9MDaER-Xh0LlrIBfuRaq1JNCOjHu3TTrQ8f-d82YB1qWEtVMLI7ILg4keMGOrL3b6jRHSk-Zd4Nbvlac6L22MfCf8qJ3fKtJ0PezfQYFetnVMOQtnpCdrIOZk6JyNHTRKoyQJsFIoBYN2zoOPzoIQDjGD1Y6M1Zp9vpFwO5g:1prxrV:fMQlol-yXPOiM-aePYKqI4mGtZVgnKIJAjengE5xeyA', '2023-05-11 11:24:25.07708+02');
INSERT INTO public.django_session (session_key, session_data, expire_date) VALUES ('dz7h735ofki4xa6ihxs6q94u2x8j05q5', '.eJxVzEsOwiAUheG9MDaER-Xh0LlrIBfuRaq1JNCOjHu3TTrQ8f-d82YB1qWEtVMLI7ILg4keMGOrL3b6jRHSk-Zd4Nbvlac6L22MfCf8qJ3fKtJ0PezfQYFetnVMOQtnpCdrIOZk6JyNHTRKoyQJsFIoBYN2zoOPzoIQDjGD1Y6M1Zp9vpFwO5g:1prxyy:MuzQucTu6I_Q5V_YR_4srsQ9y017QECfbxp50L-kVuc', '2023-05-11 11:32:08.991043+02');
INSERT INTO public.django_session (session_key, session_data, expire_date) VALUES ('h3c988iup3irzu2eg7ty1kt3m229us0f', '.eJxVzEEOgjAQheG7dG0apu1MwaV7z9BMO0VQQhMKK-PdhYSFrv_vvbcKvK1D2GpewijqqnjKT55lKery2yKnV54PIHt-FJ3KvC5j1AfRZ636XiRPt9P-HQxch31N6IF7NIDeUmZLxMl5EewioW2RWozOQGcBTJMEqPMNNbb3DM6nxOrzBQhVOf4:1pryvz:Y_HXU4SKYo2dUUId2bUZ5Zy1KRb7iBPfrVfad5Du01A', '2023-05-11 12:33:07.978904+02');


--
-- TOC entry 3482 (class 0 OID 16548)
-- Dependencies: 231
-- Data for Name: libros; Type: TABLE DATA; Schema: public; Owner: postgres
--

INSERT INTO public.libros (isbn, titulo, paginas, autor, foto, sinopsis) VALUES ('9788433972606', 'Alguien voló sobre el nido del cuco', 288, 'Ken Kesey', 'images/cuco.jpg', 'Antes de que sus experiencias con LSD y las andanzas al frente de los Alegres Pillastres contadas por Tom Wolfe en Ponche de ácido lisérgico le convirtieran en uno de los personajes más míticos de la cultura «underground» de los años sesenta, Ken Kesey ya había publicado dos magníficas novelas: "Alguien voló sobre el nido del cuco" y "A veces un gran impulso". En especial, la primera se convertiría en una auténtica «novela de culto»: fue leída con pasión tanto en los campus universitarios como en las recién nacidas comunas hippies.  En 1960 Ken Kesey, entonces estudiante universitario, se ofreció como voluntario para los experimentos sobre drogas psicodélicas LSD, peyote, mescalina, etc. que los psiquiatras de un hospital californiano ensayaban para futuros usos terapéuticos. De esta experiencia personal nació Alguien voló sobre el nido del cuco. Su protagonista, Randle McMurphy, que se finge loco para escapar a los rigores de la cárcel, es destinado a la sala del hospital psiquiátrico que dirige Ratched, la sádica y todopoderosa Gran Enfermera. Le han condenado porque, como él mismo cuenta, «pelea y folla demasiado», McMurphy, vital, generoso, amoral y rebelde, librará desde el instante mismo de su llegada una guerra sin cuartel contra la Gran Enfermera y su sistema represivo. Las batallas serán divertidas y cruentas; algunos internos perderán en ellas la vida, y otros descubrirán los encantos del sexo, la bebida, la libertad y la rebelión permanentes. Quizás ahora, años después de su publicación, y acalladas las polémicas no precisamente literarias suscitadas por la figura de Kesey, pueda ser leída como lo que es: una extraordinaria novela en la mejor tradición de la gran literatura americana y un clásico de nuestra época.');
INSERT INTO public.libros (isbn, titulo, paginas, autor, foto, sinopsis) VALUES ('9788478884452', 'Harry Potter y la piedra filosofal', 264, 'J.K. Rowling', 'images/potter.jpg', '"Con las manos temblorosas, Harry le dio la vuelta al sobre y vio un sello de lacre púrpura con un escudo de armas: un león, un águila, un tejón y una serpiente, que rodeaban una gran letra H."  Harry Potter nunca ha oído hablar de Hogwarts hasta que empiezan a caer cartas en el felpudo del número 4 de Privet Drive. Llevan la dirección escrita con tinta verde en un sobre de pergamino amarillento con un sello de lacre púrpura, y sus horripilantes tíos se apresuran a confiscarlas. Más tarde, el día que Harry cumple once años, Rubeus Hagrid, un hombre gigantesco cuyos ojos brillan como escarabajos negros, irrumpe con una noticia extraordinaria: Harry Potter es un mago, y le han concedido una plaza en el Colegio Hogwarts de Magia y Hechicería. ¡Está a punto de comenzar una aventura increíble!');
INSERT INTO public.libros (isbn, titulo, paginas, autor, foto, sinopsis) VALUES ('9788496940000', 'El medico', 800, 'Noah Gordon', 'images/medico.jpg', 'La extraordinaria odisea de un joven médico en el siglo XIÉsta es la historia de una pasión. Ésta es la crónica del increíble viaje del joven Rob Cole, de su lucha contra la enfermedad y la muerte, de su don místico para curar. Su sueño de convertirse en médico lo conduce desde la Inglaterra dominada por la brutalidad y la ignorancia hasta la sensual turbulencia de la remota Persia. Allí, en las universidades árabes, bajo la tutela del legendario maestro Avicena, ocurrirá la transformación que marcará su destino y el de su familia para siempre.');
INSERT INTO public.libros (isbn, titulo, paginas, autor, foto, sinopsis) VALUES ('9788420674179', 'El señor de las moscas', 288, 'William Golding', 'images/moscas.jpg', 'Urdida en torno a la situación límite de una treintena de muchachos en una isla desierta, El Señor de las Moscas es una magnífica novela que admite lecturas diferentes e incluso opuestas.  En efecto, si algunos pueden ver en esta indagación de William Golding en la condición humana la ilustración de que la agresividad criminal se halla entre los instintos básicos del hombre, otros podrán considerarla como una parábola que cuestiona un tipo de educación represiva que no hace sino incubar explosiones de barbarie prestas a estallar en cuanto los controles se relajan.');
INSERT INTO public.libros (isbn, titulo, paginas, autor, foto, sinopsis) VALUES ('9788411406710', 'One Piece Nº 01', 592, 'Eiichiro Oda', 'images/one_piece.jpg', 'Es la era de los grandes piratas. Con sus banderas ondeando al viento, luchan entre ellos con el fin de llegar hasta el gran tesoro One Piece, el legado del legendario rey de los piratas Gold Roger. Ese gran pirata es el objeto de admiración de un muchacho llamado Luffy, que se ha hecho amigo de Shanks el Pelirrojo, capitán de una banda pirata que suele amarrar el barco en el muelle de su aldea. Un buen día, Luffy se come una fruta demoníaca, botín que había conseguido la banda de Shanks, y su cuerpo adquiere las propiedades de la goma elástica.  A cambio, pierde la capacidad de flotar en el agua y, por lo tanto, de nadar. Mientras la banda se encuentra fuera de la aldea, Luffy provoca a unos bandoleros de montaña cuyo líder lo secuestra y lo lanza en medio del mar. Mientras bracea para no hundirse, una bestia marina llega para engullirlo... ¡pero Shanks acude a nado y le salva! Luffy sobrevive, pero a cambio el pirata pierde el brazo izquierdo.  10 años después de despedirse de Shanks y los suyos, con el sombrero de paja que el Pelirrojo le prestó como marca distintiva, Luffy se hace a la mar en solitario. ¡Comienza su viaje con la meta puesta en llegar a ser el rey de los piratas!');
INSERT INTO public.libros (isbn, titulo, paginas, autor, foto, sinopsis) VALUES ('9788413143194', 'El imperio final', 680, 'Brandon Sanderson', 'images/imperio.jpg', 'Durante mil años han caído cenizas del cielo. Durante mil años nada ha florecido. Durante mil años los skaa han sido esclavizados y viven en la miseria, sumidos en un miedo inevitable. Durante mil años el Lord Legislador ha reinado con poder absoluto, dominando gracias al terror, a sus poderes y a su inmortalidad, ayudado por «obligadores» e «inquisidores», junto a la poderosa magia de la alomancia.  Pero los nobles a menudo han tenido trato sexual con jóvenes skaa y, aunque la ley lo prohíbe, algunos de sus bastardos han sobrevivido y heredado los poderes alománticos: son los «nacidos de la bruma» (mistborn).  Ahora, Kelsier, el «superviviente», el único que ha logrado huir de los Pozos de Hathsin, ha encontrado a Vin, una pobre chica skaa con mucha suerte... Tal vez los dos, con el mejor equipo criminal jamás reunido, unidos a la rebelión que los skaa intentan desde hace mil años, logren cambiar el mundo y acabar con la atroz mano de hierro del Lord Legislador.  Pero, ¿qué pasa si el héroe de la profecía falla?  Desde 2006, y en solo diez años, Brandon Sanderson se ha consolidado como el gran renovador de la fantasía del siglo XXI y el autor del género más prolífico del mundo. Ha logrado ganarse a ocho millones de lectores, ser publicado en treinta países y convertirse en el heredero de todo un género.');
INSERT INTO public.libros (isbn, titulo, paginas, autor, foto, sinopsis) VALUES ('978844501111', 'El señor de los anillos', 1492, 'J.R.R Tolkien', 'images/anillos.jpg', 'Reedición recopilatoria de la saga. Los Anillos de Poder fueron forjados en antiguos tiempos por los herreros Elfos, y Sauron, el Señor Oscuro, forjó el Anillo Único. Pero en una ocasión se lo quitaron, y aunque lo buscó por toda la Tierra Media nunca pudo encontrarlo. Al cabo de muchos años fue a caer casualmente en manos del hobbit Bilbo Bolsón. Desde la Torre Oscura de Mordor, el poder de Sauron se extendió alrededor. Llegó a reunir todos los Grandes Anillos, pero continuaba buscando el Anillo Único, que completaría el dominio de Mordor.  Bilbo desapareció durante la celebración de su centesimodecimoprimer cumpleaños, y dejó a Frodo a cargo del Anillo, y con una peligrosa misión por delante: atravesar la Tierra Media, internarse en las sombras del País Oscuro y destruir en Anillo arrojándolo en las Grietas del Destino.  El Señor de los Anillos cuenta la gran misión cumplida por Frodo y sus amigos: Gandalf el Mago, Merry, Pippiny Sam, Gimli el Enano, Legolas el Elfo, y un hombre extraño y misterioso llamado Trancos.');
INSERT INTO public.libros (isbn, titulo, paginas, autor, foto, sinopsis) VALUES ('9788401328510', 'Los pilares de la tierra', 1040, 'Ken Follet', 'images/pilares.jpg', 'El gran maestro de la narrativa de acción y suspense nos transporta a la Edad Media, a un fascinante mundo de reyes, damas, caballeros, pugnas feudales, castillos y ciudades amuralladas. El amor y la muerte se entrecruzan vibrantemente en este magistral tapiz cuyo centro es la construcción de una catedral gótica. La historia se inicia con el ahorcamiento público de un inocente y finaliza con la humillación de un rey.');
INSERT INTO public.libros (isbn, titulo, paginas, autor, foto, sinopsis) VALUES ('9788467045390', 'Diez negritos', 232, 'Agatha Christie', 'images/negritos.jpg', 'Diez personas sin relación alguna entre sí son reunidas en un misterioso islote de la costa inglesa por un tal Sr. Owen, propietario de una lujosa mansión a la par que perfecto desconocido para todos sus invitados. Tras la primera cena, y sin haber conocido aún a su anfitrión, los diez comensales son acusados mediante una grabación de haber cometido un crimen en el pasado.  Uno por uno, a partir de ese momento, son asesinados sin explicación ni motivo aparente. Sólo una vieja canción infantil parece encerrar el misterio de una creciente pesadilla.');
INSERT INTO public.libros (isbn, titulo, paginas, autor, foto, sinopsis) VALUES ('9788491990437', 'Breves respuestas a las grandes preguntas', 288, 'Stephen Hawking', 'images/respuestas.jpg', 'Las últimas reflexiones sobre las preguntas más importantes del universo se incluyen en este trabajo póstumo, brillante y revolucionario Stephen Hawking fue reconocido como una de las mentes más brillantes de nuestro tiempo y una figura de inspiración después de desafiar su diagnóstico de ELA a la edad de veintiún años. Es conocido tanto por sus avances en física teórica como por su capacidad para hacer accesibles para todos conceptos complejos y destacó por su travieso sentido del humor. En el momento de su muerte, Hawking estaba trabajando en un proyecto final: un libro que compilaba sus respuestas a las «grandes» preguntas que a menudo se le planteaban: preguntas que iban más allá del campo académico. Dentro de estas páginas, ofrece su punto de vista personal sobre nuestros mayores desafíos como raza humana, y hacia dónde, como planeta, nos dirigimos después. Cada sección será presentada por un pensador líder que ofrecerá su propia visión de la contribución del profesor Hawking a nuestro entendimiento.');
INSERT INTO public.libros (isbn, titulo, paginas, autor, foto, sinopsis) VALUES ('9788416858248', 'Siega', 525, 'Neal Shusterman', 'images/siega.jpg', 'Antes, las personas morían por causas naturales. Existían asesinos invisibles llamados enfermedades, el envejecimiento era irreversible y se producían accidentes de los que no se podía regresar. Ahora, todo eso ha quedado atrás y sólo perdura una verdad muy simple: la gente tiene que morir.Y esa es la tarea de los segadores. Porque en un futuro donde la humanidad controla la muerte, ¿quién decide cuándo y cómo sembrarla? Citra y Rowan acaban de ser seleccionados como aprendices de segadores. ¿Su objetivo? Superar las pruebas de su mentor, sean las que sean .Aunque en el proceso renuncien a todo lo que les hace humanos.');
INSERT INTO public.libros (isbn, titulo, paginas, autor, foto, sinopsis) VALUES ('9788466664417', 'Reina Roja', 568, 'Juan Gómez Jurado', 'images/REINA.jpg', 'No es policía ni criminalista. Nunca ha empuñado un arma ni llevado una placa, y, sin embargo, ha resuelto decenas de crímenes.  Pero hace un tiempo que Antonia no sale de su ático de Lavapiés. Las cosas que ha perdido le importan mucho más que las que esperan ahí fuera.  Tampoco recibe visitas. Por eso no le gusta nada, nada, cuando escucha unos pasos desconocidos subiendo las escaleras hasta el último piso.  Sea quien sea, Antonia está segura de que viene a buscarla.  Y eso le gusta aún menos.');
INSERT INTO public.libros (isbn, titulo, paginas, autor, foto, sinopsis) VALUES ('9788499890944', '1984', 352, 'George Orwell', 'images/1984.jpg', 'En el año 1984 Londres es una ciudad lúgubre en la que la Policía del Pensamiento controla de forma asfixiante la vida de los ciudadanos. Winston Smith es un peón de este engranaje perverso y su cometido es reescribir la historia para adaptarla a lo que el Partido considera la versión oficial de los hechos. Hasta que decide replantearse la verdad del sistema que los gobierna y somete.  La presente edición, avalada por The Orwell Estate, sigue fielmente el texto definitivo de las obras completas del autor, fijado por el profesor Peter Davison. Incluye un epílogo del novelista Thomas Pynchon, que aporta al análisis del libro su personal visión de los totalitarismos y la paranoia en el mundo moderno. Miguel Temprano García firma la soberbia traducción, que es la más reciente de la obra.');
INSERT INTO public.libros (isbn, titulo, paginas, autor, foto, sinopsis) VALUES ('9788478887194', 'El principito', 96, 'Antoine de Saint Exupery', 'images/principito.jpg', '"Viví así, solo, sin nadie con quien hablar verdaderamente, hasta que tuve una avería en el desierto del Sahara, hace seis años. Algo se había roto en mi motor. Y como no tenía conmigo ni mecánico ni pasajeros, me dispuse a realizar, solo, una reparación difícil. Era, para mí, cuestión de vida o muerte. Tenía agua apenas para ocho días.  La primera noche dormí sobre la arena a mil millas de todatierra habitada. Estaba más aislado que un náufrago sobre una balsa en medio del oceano. Imaginaos, pues, mi sorpresa cuando, al romper el día, me despertó una extraña vocecita que decía:  -Por favor..., ¡dibújame un cordero!  -¿Eh!?  -Dibújame un cordero..."');


--
-- TOC entry 3484 (class 0 OID 16556)
-- Dependencies: 233
-- Data for Name: listas; Type: TABLE DATA; Schema: public; Owner: postgres
--

INSERT INTO public.listas (id, estado, book_id, user_id) VALUES (5, 'leido', '9788413143194', 'adriangp1');
INSERT INTO public.listas (id, estado, book_id, user_id) VALUES (6, 'leido', '978844501111', 'el_nano33');


--
-- TOC entry 3475 (class 0 OID 16476)
-- Dependencies: 224
-- Data for Name: login_user; Type: TABLE DATA; Schema: public; Owner: postgres
--

INSERT INTO public.login_user (password, last_login, is_superuser, first_name, last_name, email, is_staff, is_active, date_joined, username, biografia) VALUES ('33333333', '2023-04-27 13:57:55.334457+02', false, '', '', 'elnano@gmail.com', false, true, '2023-04-27 13:32:10.248069+02', 'el_nano33', 'el nano eeesss el nanooo ♪');
INSERT INTO public.login_user (password, last_login, is_superuser, first_name, last_name, email, is_staff, is_active, date_joined, username, biografia) VALUES ('pbkdf2_sha256$390000$KTs2J8lxDjew1qwFCI5T8V$OwUNJC0yRLozvBLvuHzqo2EukkM8JRa/+mu3ydWPwg8=', '2023-04-27 12:33:07.976904+02', true, '', '', '', true, true, '2023-04-14 18:58:12.474721+02', 'alejandro', '');
INSERT INTO public.login_user (password, last_login, is_superuser, first_name, last_name, email, is_staff, is_active, date_joined, username, biografia) VALUES ('informatico', '2023-04-27 13:31:30.508019+02', false, '', '', '', false, true, '2023-04-27 13:28:59.385153+02', 'adriangp1', '');
INSERT INTO public.login_user (password, last_login, is_superuser, first_name, last_name, email, is_staff, is_active, date_joined, username, biografia) VALUES ('asdasd', '2023-04-27 13:43:05.646657+02', false, '', '', '', false, true, '2023-04-27 13:31:03.647022+02', 'xXPython_MasterXx', '');


--
-- TOC entry 3477 (class 0 OID 16484)
-- Dependencies: 226
-- Data for Name: login_user_groups; Type: TABLE DATA; Schema: public; Owner: postgres
--



--
-- TOC entry 3479 (class 0 OID 16490)
-- Dependencies: 228
-- Data for Name: login_user_user_permissions; Type: TABLE DATA; Schema: public; Owner: postgres
--



--
-- TOC entry 3486 (class 0 OID 16562)
-- Dependencies: 235
-- Data for Name: opiniones; Type: TABLE DATA; Schema: public; Owner: postgres
--

INSERT INTO public.opiniones (id, opinion, book_id, user_id) VALUES (3, 'Obra maestra', '9788413143194', 'adriangp1');
INSERT INTO public.opiniones (id, opinion, book_id, user_id) VALUES (4, 'El libro es mucho mejor que la película.', '978844501111', 'el_nano33');


--
-- TOC entry 3489 (class 0 OID 16607)
-- Dependencies: 238
-- Data for Name: solicitudes; Type: TABLE DATA; Schema: public; Owner: postgres
--

INSERT INTO public.solicitudes (id_solicitud, estado, usr_envia_id, usr_recibe_id) VALUES (9, 'ACEPTADA', 'xXPython_MasterXx', 'adriangp1');
INSERT INTO public.solicitudes (id_solicitud, estado, usr_envia_id, usr_recibe_id) VALUES (10, 'PENDIENTE', 'el_nano33', 'xXPython_MasterXx');


--
-- TOC entry 3495 (class 0 OID 0)
-- Dependencies: 220
-- Name: auth_group_id_seq; Type: SEQUENCE SET; Schema: public; Owner: postgres
--

SELECT pg_catalog.setval('public.auth_group_id_seq', 1, false);


--
-- TOC entry 3496 (class 0 OID 0)
-- Dependencies: 222
-- Name: auth_group_permissions_id_seq; Type: SEQUENCE SET; Schema: public; Owner: postgres
--

SELECT pg_catalog.setval('public.auth_group_permissions_id_seq', 1, false);


--
-- TOC entry 3497 (class 0 OID 0)
-- Dependencies: 218
-- Name: auth_permission_id_seq; Type: SEQUENCE SET; Schema: public; Owner: postgres
--

SELECT pg_catalog.setval('public.auth_permission_id_seq', 40, true);


--
-- TOC entry 3498 (class 0 OID 0)
-- Dependencies: 229
-- Name: django_admin_log_id_seq; Type: SEQUENCE SET; Schema: public; Owner: postgres
--

SELECT pg_catalog.setval('public.django_admin_log_id_seq', 19, true);


--
-- TOC entry 3499 (class 0 OID 0)
-- Dependencies: 216
-- Name: django_content_type_id_seq; Type: SEQUENCE SET; Schema: public; Owner: postgres
--

SELECT pg_catalog.setval('public.django_content_type_id_seq', 10, true);


--
-- TOC entry 3500 (class 0 OID 0)
-- Dependencies: 214
-- Name: django_migrations_id_seq; Type: SEQUENCE SET; Schema: public; Owner: postgres
--

SELECT pg_catalog.setval('public.django_migrations_id_seq', 24, true);


--
-- TOC entry 3501 (class 0 OID 0)
-- Dependencies: 232
-- Name: listas_id_seq; Type: SEQUENCE SET; Schema: public; Owner: postgres
--

SELECT pg_catalog.setval('public.listas_id_seq', 6, true);


--
-- TOC entry 3502 (class 0 OID 0)
-- Dependencies: 225
-- Name: login_user_groups_id_seq; Type: SEQUENCE SET; Schema: public; Owner: postgres
--

SELECT pg_catalog.setval('public.login_user_groups_id_seq', 1, false);


--
-- TOC entry 3503 (class 0 OID 0)
-- Dependencies: 227
-- Name: login_user_user_permissions_id_seq; Type: SEQUENCE SET; Schema: public; Owner: postgres
--

SELECT pg_catalog.setval('public.login_user_user_permissions_id_seq', 1, false);


--
-- TOC entry 3504 (class 0 OID 0)
-- Dependencies: 234
-- Name: opiniones_id_seq; Type: SEQUENCE SET; Schema: public; Owner: postgres
--

SELECT pg_catalog.setval('public.opiniones_id_seq', 4, true);


--
-- TOC entry 3505 (class 0 OID 0)
-- Dependencies: 237
-- Name: solicitudes_id_solicitud_seq; Type: SEQUENCE SET; Schema: public; Owner: postgres
--

SELECT pg_catalog.setval('public.solicitudes_id_solicitud_seq', 10, true);


--
-- TOC entry 3249 (class 2606 OID 16474)
-- Name: auth_group auth_group_name_key; Type: CONSTRAINT; Schema: public; Owner: postgres
--

ALTER TABLE ONLY public.auth_group
    ADD CONSTRAINT auth_group_name_key UNIQUE (name);


--
-- TOC entry 3254 (class 2606 OID 16460)
-- Name: auth_group_permissions auth_group_permissions_group_id_permission_id_0cd325b0_uniq; Type: CONSTRAINT; Schema: public; Owner: postgres
--

ALTER TABLE ONLY public.auth_group_permissions
    ADD CONSTRAINT auth_group_permissions_group_id_permission_id_0cd325b0_uniq UNIQUE (group_id, permission_id);


--
-- TOC entry 3257 (class 2606 OID 16449)
-- Name: auth_group_permissions auth_group_permissions_pkey; Type: CONSTRAINT; Schema: public; Owner: postgres
--

ALTER TABLE ONLY public.auth_group_permissions
    ADD CONSTRAINT auth_group_permissions_pkey PRIMARY KEY (id);


--
-- TOC entry 3251 (class 2606 OID 16441)
-- Name: auth_group auth_group_pkey; Type: CONSTRAINT; Schema: public; Owner: postgres
--

ALTER TABLE ONLY public.auth_group
    ADD CONSTRAINT auth_group_pkey PRIMARY KEY (id);


--
-- TOC entry 3244 (class 2606 OID 16451)
-- Name: auth_permission auth_permission_content_type_id_codename_01ab375a_uniq; Type: CONSTRAINT; Schema: public; Owner: postgres
--

ALTER TABLE ONLY public.auth_permission
    ADD CONSTRAINT auth_permission_content_type_id_codename_01ab375a_uniq UNIQUE (content_type_id, codename);


--
-- TOC entry 3246 (class 2606 OID 16435)
-- Name: auth_permission auth_permission_pkey; Type: CONSTRAINT; Schema: public; Owner: postgres
--

ALTER TABLE ONLY public.auth_permission
    ADD CONSTRAINT auth_permission_pkey PRIMARY KEY (id);


--
-- TOC entry 3277 (class 2606 OID 16534)
-- Name: django_admin_log django_admin_log_pkey; Type: CONSTRAINT; Schema: public; Owner: postgres
--

ALTER TABLE ONLY public.django_admin_log
    ADD CONSTRAINT django_admin_log_pkey PRIMARY KEY (id);


--
-- TOC entry 3239 (class 2606 OID 16415)
-- Name: django_content_type django_content_type_app_label_model_76bd3d3b_uniq; Type: CONSTRAINT; Schema: public; Owner: postgres
--

ALTER TABLE ONLY public.django_content_type
    ADD CONSTRAINT django_content_type_app_label_model_76bd3d3b_uniq UNIQUE (app_label, model);


--
-- TOC entry 3241 (class 2606 OID 16413)
-- Name: django_content_type django_content_type_pkey; Type: CONSTRAINT; Schema: public; Owner: postgres
--

ALTER TABLE ONLY public.django_content_type
    ADD CONSTRAINT django_content_type_pkey PRIMARY KEY (id);


--
-- TOC entry 3237 (class 2606 OID 16407)
-- Name: django_migrations django_migrations_pkey; Type: CONSTRAINT; Schema: public; Owner: postgres
--

ALTER TABLE ONLY public.django_migrations
    ADD CONSTRAINT django_migrations_pkey PRIMARY KEY (id);


--
-- TOC entry 3300 (class 2606 OID 16603)
-- Name: django_session django_session_pkey; Type: CONSTRAINT; Schema: public; Owner: postgres
--

ALTER TABLE ONLY public.django_session
    ADD CONSTRAINT django_session_pkey PRIMARY KEY (session_key);


--
-- TOC entry 3282 (class 2606 OID 16552)
-- Name: libros libros_pkey; Type: CONSTRAINT; Schema: public; Owner: postgres
--

ALTER TABLE ONLY public.libros
    ADD CONSTRAINT libros_pkey PRIMARY KEY (isbn);


--
-- TOC entry 3285 (class 2606 OID 16847)
-- Name: libros libros_titulo_key; Type: CONSTRAINT; Schema: public; Owner: postgres
--

ALTER TABLE ONLY public.libros
    ADD CONSTRAINT libros_titulo_key UNIQUE (titulo);


--
-- TOC entry 3289 (class 2606 OID 16560)
-- Name: listas listas_pkey; Type: CONSTRAINT; Schema: public; Owner: postgres
--

ALTER TABLE ONLY public.listas
    ADD CONSTRAINT listas_pkey PRIMARY KEY (id);


--
-- TOC entry 3263 (class 2606 OID 16488)
-- Name: login_user_groups login_user_groups_pkey; Type: CONSTRAINT; Schema: public; Owner: postgres
--

ALTER TABLE ONLY public.login_user_groups
    ADD CONSTRAINT login_user_groups_pkey PRIMARY KEY (id);


--
-- TOC entry 3267 (class 2606 OID 16497)
-- Name: login_user_groups login_user_groups_user_id_group_id_e039d177_uniq; Type: CONSTRAINT; Schema: public; Owner: postgres
--

ALTER TABLE ONLY public.login_user_groups
    ADD CONSTRAINT login_user_groups_user_id_group_id_e039d177_uniq UNIQUE (user_id, group_id);


--
-- TOC entry 3259 (class 2606 OID 16482)
-- Name: login_user login_user_pkey; Type: CONSTRAINT; Schema: public; Owner: postgres
--

ALTER TABLE ONLY public.login_user
    ADD CONSTRAINT login_user_pkey PRIMARY KEY (username);


--
-- TOC entry 3270 (class 2606 OID 16494)
-- Name: login_user_user_permissions login_user_user_permissions_pkey; Type: CONSTRAINT; Schema: public; Owner: postgres
--

ALTER TABLE ONLY public.login_user_user_permissions
    ADD CONSTRAINT login_user_user_permissions_pkey PRIMARY KEY (id);


--
-- TOC entry 3274 (class 2606 OID 16512)
-- Name: login_user_user_permissions login_user_user_permissions_user_id_permission_id_a985464b_uniq; Type: CONSTRAINT; Schema: public; Owner: postgres
--

ALTER TABLE ONLY public.login_user_user_permissions
    ADD CONSTRAINT login_user_user_permissions_user_id_permission_id_a985464b_uniq UNIQUE (user_id, permission_id);


--
-- TOC entry 3295 (class 2606 OID 16566)
-- Name: opiniones opiniones_pkey; Type: CONSTRAINT; Schema: public; Owner: postgres
--

ALTER TABLE ONLY public.opiniones
    ADD CONSTRAINT opiniones_pkey PRIMARY KEY (id);


--
-- TOC entry 3303 (class 2606 OID 16611)
-- Name: solicitudes solicitudes_pkey; Type: CONSTRAINT; Schema: public; Owner: postgres
--

ALTER TABLE ONLY public.solicitudes
    ADD CONSTRAINT solicitudes_pkey PRIMARY KEY (id_solicitud);


--
-- TOC entry 3247 (class 1259 OID 16475)
-- Name: auth_group_name_a6ea08ec_like; Type: INDEX; Schema: public; Owner: postgres
--

CREATE INDEX auth_group_name_a6ea08ec_like ON public.auth_group USING btree (name varchar_pattern_ops);


--
-- TOC entry 3252 (class 1259 OID 16471)
-- Name: auth_group_permissions_group_id_b120cbf9; Type: INDEX; Schema: public; Owner: postgres
--

CREATE INDEX auth_group_permissions_group_id_b120cbf9 ON public.auth_group_permissions USING btree (group_id);


--
-- TOC entry 3255 (class 1259 OID 16472)
-- Name: auth_group_permissions_permission_id_84c5c92e; Type: INDEX; Schema: public; Owner: postgres
--

CREATE INDEX auth_group_permissions_permission_id_84c5c92e ON public.auth_group_permissions USING btree (permission_id);


--
-- TOC entry 3242 (class 1259 OID 16457)
-- Name: auth_permission_content_type_id_2f476e4b; Type: INDEX; Schema: public; Owner: postgres
--

CREATE INDEX auth_permission_content_type_id_2f476e4b ON public.auth_permission USING btree (content_type_id);


--
-- TOC entry 3275 (class 1259 OID 16545)
-- Name: django_admin_log_content_type_id_c4bce8eb; Type: INDEX; Schema: public; Owner: postgres
--

CREATE INDEX django_admin_log_content_type_id_c4bce8eb ON public.django_admin_log USING btree (content_type_id);


--
-- TOC entry 3278 (class 1259 OID 16546)
-- Name: django_admin_log_user_id_c564eba6; Type: INDEX; Schema: public; Owner: postgres
--

CREATE INDEX django_admin_log_user_id_c564eba6 ON public.django_admin_log USING btree (user_id);


--
-- TOC entry 3279 (class 1259 OID 16547)
-- Name: django_admin_log_user_id_c564eba6_like; Type: INDEX; Schema: public; Owner: postgres
--

CREATE INDEX django_admin_log_user_id_c564eba6_like ON public.django_admin_log USING btree (user_id varchar_pattern_ops);


--
-- TOC entry 3298 (class 1259 OID 16605)
-- Name: django_session_expire_date_a5c62663; Type: INDEX; Schema: public; Owner: postgres
--

CREATE INDEX django_session_expire_date_a5c62663 ON public.django_session USING btree (expire_date);


--
-- TOC entry 3301 (class 1259 OID 16604)
-- Name: django_session_session_key_c0390e0f_like; Type: INDEX; Schema: public; Owner: postgres
--

CREATE INDEX django_session_session_key_c0390e0f_like ON public.django_session USING btree (session_key varchar_pattern_ops);


--
-- TOC entry 3280 (class 1259 OID 16567)
-- Name: libros_isbn_75b93856_like; Type: INDEX; Schema: public; Owner: postgres
--

CREATE INDEX libros_isbn_75b93856_like ON public.libros USING btree (isbn varchar_pattern_ops);


--
-- TOC entry 3283 (class 1259 OID 16848)
-- Name: libros_titulo_477343d1_like; Type: INDEX; Schema: public; Owner: postgres
--

CREATE INDEX libros_titulo_477343d1_like ON public.libros USING btree (titulo varchar_pattern_ops);


--
-- TOC entry 3286 (class 1259 OID 16593)
-- Name: listas_book_id_265ae643; Type: INDEX; Schema: public; Owner: postgres
--

CREATE INDEX listas_book_id_265ae643 ON public.listas USING btree (book_id);


--
-- TOC entry 3287 (class 1259 OID 16594)
-- Name: listas_book_id_265ae643_like; Type: INDEX; Schema: public; Owner: postgres
--

CREATE INDEX listas_book_id_265ae643_like ON public.listas USING btree (book_id varchar_pattern_ops);


--
-- TOC entry 3290 (class 1259 OID 16595)
-- Name: listas_user_id_1a490a44; Type: INDEX; Schema: public; Owner: postgres
--

CREATE INDEX listas_user_id_1a490a44 ON public.listas USING btree (user_id);


--
-- TOC entry 3291 (class 1259 OID 16596)
-- Name: listas_user_id_1a490a44_like; Type: INDEX; Schema: public; Owner: postgres
--

CREATE INDEX listas_user_id_1a490a44_like ON public.listas USING btree (user_id varchar_pattern_ops);


--
-- TOC entry 3261 (class 1259 OID 16510)
-- Name: login_user_groups_group_id_a8810f0d; Type: INDEX; Schema: public; Owner: postgres
--

CREATE INDEX login_user_groups_group_id_a8810f0d ON public.login_user_groups USING btree (group_id);


--
-- TOC entry 3264 (class 1259 OID 16508)
-- Name: login_user_groups_user_id_f6fabf84; Type: INDEX; Schema: public; Owner: postgres
--

CREATE INDEX login_user_groups_user_id_f6fabf84 ON public.login_user_groups USING btree (user_id);


--
-- TOC entry 3265 (class 1259 OID 16509)
-- Name: login_user_groups_user_id_f6fabf84_like; Type: INDEX; Schema: public; Owner: postgres
--

CREATE INDEX login_user_groups_user_id_f6fabf84_like ON public.login_user_groups USING btree (user_id varchar_pattern_ops);


--
-- TOC entry 3268 (class 1259 OID 16525)
-- Name: login_user_user_permissions_permission_id_08d04f9c; Type: INDEX; Schema: public; Owner: postgres
--

CREATE INDEX login_user_user_permissions_permission_id_08d04f9c ON public.login_user_user_permissions USING btree (permission_id);


--
-- TOC entry 3271 (class 1259 OID 16523)
-- Name: login_user_user_permissions_user_id_2a4ce843; Type: INDEX; Schema: public; Owner: postgres
--

CREATE INDEX login_user_user_permissions_user_id_2a4ce843 ON public.login_user_user_permissions USING btree (user_id);


--
-- TOC entry 3272 (class 1259 OID 16524)
-- Name: login_user_user_permissions_user_id_2a4ce843_like; Type: INDEX; Schema: public; Owner: postgres
--

CREATE INDEX login_user_user_permissions_user_id_2a4ce843_like ON public.login_user_user_permissions USING btree (user_id varchar_pattern_ops);


--
-- TOC entry 3260 (class 1259 OID 16495)
-- Name: login_user_username_387fa286_like; Type: INDEX; Schema: public; Owner: postgres
--

CREATE INDEX login_user_username_387fa286_like ON public.login_user USING btree (username varchar_pattern_ops);


--
-- TOC entry 3292 (class 1259 OID 16574)
-- Name: opiniones_book_id_d505e8b7; Type: INDEX; Schema: public; Owner: postgres
--

CREATE INDEX opiniones_book_id_d505e8b7 ON public.opiniones USING btree (book_id);


--
-- TOC entry 3293 (class 1259 OID 16575)
-- Name: opiniones_book_id_d505e8b7_like; Type: INDEX; Schema: public; Owner: postgres
--

CREATE INDEX opiniones_book_id_d505e8b7_like ON public.opiniones USING btree (book_id varchar_pattern_ops);


--
-- TOC entry 3296 (class 1259 OID 16591)
-- Name: opiniones_user_id_4b9c85f9; Type: INDEX; Schema: public; Owner: postgres
--

CREATE INDEX opiniones_user_id_4b9c85f9 ON public.opiniones USING btree (user_id);


--
-- TOC entry 3297 (class 1259 OID 16592)
-- Name: opiniones_user_id_4b9c85f9_like; Type: INDEX; Schema: public; Owner: postgres
--

CREATE INDEX opiniones_user_id_4b9c85f9_like ON public.opiniones USING btree (user_id varchar_pattern_ops);


--
-- TOC entry 3304 (class 1259 OID 16622)
-- Name: solicitudes_usr_envia_id_b6bd2dd1; Type: INDEX; Schema: public; Owner: postgres
--

CREATE INDEX solicitudes_usr_envia_id_b6bd2dd1 ON public.solicitudes USING btree (usr_envia_id);


--
-- TOC entry 3305 (class 1259 OID 16623)
-- Name: solicitudes_usr_envia_id_b6bd2dd1_like; Type: INDEX; Schema: public; Owner: postgres
--

CREATE INDEX solicitudes_usr_envia_id_b6bd2dd1_like ON public.solicitudes USING btree (usr_envia_id varchar_pattern_ops);


--
-- TOC entry 3306 (class 1259 OID 16624)
-- Name: solicitudes_usr_recibe_id_4593ea7c; Type: INDEX; Schema: public; Owner: postgres
--

CREATE INDEX solicitudes_usr_recibe_id_4593ea7c ON public.solicitudes USING btree (usr_recibe_id);


--
-- TOC entry 3307 (class 1259 OID 16625)
-- Name: solicitudes_usr_recibe_id_4593ea7c_like; Type: INDEX; Schema: public; Owner: postgres
--

CREATE INDEX solicitudes_usr_recibe_id_4593ea7c_like ON public.solicitudes USING btree (usr_recibe_id varchar_pattern_ops);


--
-- TOC entry 3309 (class 2606 OID 16466)
-- Name: auth_group_permissions auth_group_permissio_permission_id_84c5c92e_fk_auth_perm; Type: FK CONSTRAINT; Schema: public; Owner: postgres
--

ALTER TABLE ONLY public.auth_group_permissions
    ADD CONSTRAINT auth_group_permissio_permission_id_84c5c92e_fk_auth_perm FOREIGN KEY (permission_id) REFERENCES public.auth_permission(id) DEFERRABLE INITIALLY DEFERRED;


--
-- TOC entry 3310 (class 2606 OID 16461)
-- Name: auth_group_permissions auth_group_permissions_group_id_b120cbf9_fk_auth_group_id; Type: FK CONSTRAINT; Schema: public; Owner: postgres
--

ALTER TABLE ONLY public.auth_group_permissions
    ADD CONSTRAINT auth_group_permissions_group_id_b120cbf9_fk_auth_group_id FOREIGN KEY (group_id) REFERENCES public.auth_group(id) DEFERRABLE INITIALLY DEFERRED;


--
-- TOC entry 3308 (class 2606 OID 16452)
-- Name: auth_permission auth_permission_content_type_id_2f476e4b_fk_django_co; Type: FK CONSTRAINT; Schema: public; Owner: postgres
--

ALTER TABLE ONLY public.auth_permission
    ADD CONSTRAINT auth_permission_content_type_id_2f476e4b_fk_django_co FOREIGN KEY (content_type_id) REFERENCES public.django_content_type(id) DEFERRABLE INITIALLY DEFERRED;


--
-- TOC entry 3315 (class 2606 OID 16535)
-- Name: django_admin_log django_admin_log_content_type_id_c4bce8eb_fk_django_co; Type: FK CONSTRAINT; Schema: public; Owner: postgres
--

ALTER TABLE ONLY public.django_admin_log
    ADD CONSTRAINT django_admin_log_content_type_id_c4bce8eb_fk_django_co FOREIGN KEY (content_type_id) REFERENCES public.django_content_type(id) DEFERRABLE INITIALLY DEFERRED;


--
-- TOC entry 3316 (class 2606 OID 16540)
-- Name: django_admin_log django_admin_log_user_id_c564eba6_fk_login_user_username; Type: FK CONSTRAINT; Schema: public; Owner: postgres
--

ALTER TABLE ONLY public.django_admin_log
    ADD CONSTRAINT django_admin_log_user_id_c564eba6_fk_login_user_username FOREIGN KEY (user_id) REFERENCES public.login_user(username) DEFERRABLE INITIALLY DEFERRED;


--
-- TOC entry 3317 (class 2606 OID 16581)
-- Name: listas listas_book_id_265ae643_fk_libros_isbn; Type: FK CONSTRAINT; Schema: public; Owner: postgres
--

ALTER TABLE ONLY public.listas
    ADD CONSTRAINT listas_book_id_265ae643_fk_libros_isbn FOREIGN KEY (book_id) REFERENCES public.libros(isbn) DEFERRABLE INITIALLY DEFERRED;


--
-- TOC entry 3318 (class 2606 OID 16586)
-- Name: listas listas_user_id_1a490a44_fk_login_user_username; Type: FK CONSTRAINT; Schema: public; Owner: postgres
--

ALTER TABLE ONLY public.listas
    ADD CONSTRAINT listas_user_id_1a490a44_fk_login_user_username FOREIGN KEY (user_id) REFERENCES public.login_user(username) DEFERRABLE INITIALLY DEFERRED;


--
-- TOC entry 3311 (class 2606 OID 16503)
-- Name: login_user_groups login_user_groups_group_id_a8810f0d_fk_auth_group_id; Type: FK CONSTRAINT; Schema: public; Owner: postgres
--

ALTER TABLE ONLY public.login_user_groups
    ADD CONSTRAINT login_user_groups_group_id_a8810f0d_fk_auth_group_id FOREIGN KEY (group_id) REFERENCES public.auth_group(id) DEFERRABLE INITIALLY DEFERRED;


--
-- TOC entry 3312 (class 2606 OID 16498)
-- Name: login_user_groups login_user_groups_user_id_f6fabf84_fk_login_user_username; Type: FK CONSTRAINT; Schema: public; Owner: postgres
--

ALTER TABLE ONLY public.login_user_groups
    ADD CONSTRAINT login_user_groups_user_id_f6fabf84_fk_login_user_username FOREIGN KEY (user_id) REFERENCES public.login_user(username) DEFERRABLE INITIALLY DEFERRED;


--
-- TOC entry 3313 (class 2606 OID 16518)
-- Name: login_user_user_permissions login_user_user_perm_permission_id_08d04f9c_fk_auth_perm; Type: FK CONSTRAINT; Schema: public; Owner: postgres
--

ALTER TABLE ONLY public.login_user_user_permissions
    ADD CONSTRAINT login_user_user_perm_permission_id_08d04f9c_fk_auth_perm FOREIGN KEY (permission_id) REFERENCES public.auth_permission(id) DEFERRABLE INITIALLY DEFERRED;


--
-- TOC entry 3314 (class 2606 OID 16513)
-- Name: login_user_user_permissions login_user_user_perm_user_id_2a4ce843_fk_login_use; Type: FK CONSTRAINT; Schema: public; Owner: postgres
--

ALTER TABLE ONLY public.login_user_user_permissions
    ADD CONSTRAINT login_user_user_perm_user_id_2a4ce843_fk_login_use FOREIGN KEY (user_id) REFERENCES public.login_user(username) DEFERRABLE INITIALLY DEFERRED;


--
-- TOC entry 3319 (class 2606 OID 16569)
-- Name: opiniones opiniones_book_id_d505e8b7_fk_libros_isbn; Type: FK CONSTRAINT; Schema: public; Owner: postgres
--

ALTER TABLE ONLY public.opiniones
    ADD CONSTRAINT opiniones_book_id_d505e8b7_fk_libros_isbn FOREIGN KEY (book_id) REFERENCES public.libros(isbn) DEFERRABLE INITIALLY DEFERRED;


--
-- TOC entry 3320 (class 2606 OID 16576)
-- Name: opiniones opiniones_user_id_4b9c85f9_fk_login_user_username; Type: FK CONSTRAINT; Schema: public; Owner: postgres
--

ALTER TABLE ONLY public.opiniones
    ADD CONSTRAINT opiniones_user_id_4b9c85f9_fk_login_user_username FOREIGN KEY (user_id) REFERENCES public.login_user(username) DEFERRABLE INITIALLY DEFERRED;


--
-- TOC entry 3321 (class 2606 OID 16612)
-- Name: solicitudes solicitudes_usr_envia_id_b6bd2dd1_fk_login_user_username; Type: FK CONSTRAINT; Schema: public; Owner: postgres
--

ALTER TABLE ONLY public.solicitudes
    ADD CONSTRAINT solicitudes_usr_envia_id_b6bd2dd1_fk_login_user_username FOREIGN KEY (usr_envia_id) REFERENCES public.login_user(username) DEFERRABLE INITIALLY DEFERRED;


--
-- TOC entry 3322 (class 2606 OID 16617)
-- Name: solicitudes solicitudes_usr_recibe_id_4593ea7c_fk_login_user_username; Type: FK CONSTRAINT; Schema: public; Owner: postgres
--

ALTER TABLE ONLY public.solicitudes
    ADD CONSTRAINT solicitudes_usr_recibe_id_4593ea7c_fk_login_user_username FOREIGN KEY (usr_recibe_id) REFERENCES public.login_user(username) DEFERRABLE INITIALLY DEFERRED;


-- Completed on 2023-04-27 14:03:05

--
-- PostgreSQL database dump complete
--

